UUT_SN,TestName,ParameterName,ScnValue,LowerLimit,NumValue,UpperLimit,CharValue,UOM,TestResult,ParamResult,SessionDataRID,ArrayParamCharResult,ArrayLowerLimit,ArrayResult,ArrayUpperLimit,ArrayParamIndex,Array Param Name
MOSELLE_1P0_SI_4CHANNEL_BT_POWER,BTDUT_SetConfigFile,errorMessage,,,,,,,Passed,Passed,0,,,,,,errorMessage
MOSELLE_1P0_SI_4CHANNEL_BT_POWER,SetInstrumentConfigFile,errorMessage,InstrumentConfigFilename__C:\Qualcomm\WCN\BTDVT\ConfigFiles\BT_DVT_InstrumentConfigFile.xml,,,,,,Passed,Passed,0,,,,,,errorMessage
MOSELLE_1P0_SI_4CHANNEL_BT_POWER,ConnectToDCPA_2,ErrorMessage,,,,,,,Passed,Passed,0,,,,,,ErrorMessage
MOSELLE_1P0_SI_4CHANNEL_BT_POWER,SetResourceForIDCPA_2,ErrorMessage,,,,,,,Passed,Passed,0,,,,,,ErrorMessage
MOSELLE_1P0_SI_4CHANNEL_BT_POWER,measureTrace,ErrorMessage,,,,,,,Passed,Passed,0,,,,,,ErrorMessage
MOSELLE_1P0_SI_4CHANNEL_BT_POWER,measureTime,ErrorMessage,,,,,,,Passed,Passed,0,,,,,,ErrorMessage
MOSELLE_1P0_SI_4CHANNEL_BT_POWER,measureRange,ErrorMessage,,,,,,,Passed,Passed,0,,,,,,ErrorMessage
MOSELLE_1P0_SI_4CHANNEL_BT_POWER,BTDUT_Connect,errorMessage,RetryCount__1,,,,,,Passed,Passed,0,,,,,,errorMessage
MOSELLE_1P0_SI_4CHANNEL_BT_POWER,BTDUT_Connect,SWVersion,RetryCount__1,,,,Num HCI Command Packets = 01
Command OpCode = 1001(READ_LOCAL_VERSION_INFORMATION)
Status = 00(SUCCESS)
HCI Version = 0B(Reserved)
HCI Revision = 0000
LMP PAL Version = 0B(Reserved)
Manufacturer Name = 001D(Qualcomm)
LMP PAL Subversion = 1D6C,,Passed,Passed,1,,,,,,SWVersion
MOSELLE_1P0_SI_4CHANNEL_BT_POWER,BTDUT_PatchFirmware,errorMessage,,,,,,,Passed,Passed,0,,,,,,errorMessage
MOSELLE_1P0_SI_4CHANNEL_BT_POWER,BTDUT_LoadNVMFile,errorMessage,,,,,,,Passed,Passed,0,,,,,,errorMessage
MOSELLE_1P0_SI_4CHANNEL_BT_POWER,BTDUT_PROD_TEST_SUBCOMMAND_TEST_TXContinuous,errorMessage,TransmitType__BT_1_PRBS9_._PowerLevel__11,,,,,,Passed,Passed,0,,,,,,errorMessage
MOSELLE_1P0_SI_4CHANNEL_BT_POWER,measureCurrentRetrieve,Current_DC,TransmitType__BT_1_PRBS9_._PowerLevel__11_._chanMask__1,,0.3036864,,,mA,Passed,Passed,0,,,,,,Current_DC
MOSELLE_1P0_SI_4CHANNEL_BT_POWER,measureCurrentRetrieve,Current_DC,TransmitType__BT_1_PRBS9_._PowerLevel__11_._chanMask__2,,-0.06237473,,,mA,Passed,Passed,0,,,,,,Current_DC
MOSELLE_1P0_SI_4CHANNEL_BT_POWER,measureCurrentRetrieve,Current_DC,TransmitType__BT_1_PRBS9_._PowerLevel__11_._chanMask__4,,37.46183,,,mA,Passed,Passed,0,,,,,,Current_DC
MOSELLE_1P0_SI_4CHANNEL_BT_POWER,measureCurrentRetrieve,Current_DC,TransmitType__BT_1_PRBS9_._PowerLevel__11_._chanMask__8,,5.137038,,,mA,Passed,Passed,0,,,,,,Current_DC
MOSELLE_1P0_SI_4CHANNEL_BT_POWER,BTDUT_PROD_TEST_SUBCOMMAND_TEST_TXContinuous,errorMessage,TransmitType__BT_1_PRBS9_._PowerLevel__10,,,,,,Passed,Passed,0,,,,,,errorMessage
MOSELLE_1P0_SI_4CHANNEL_BT_POWER,measureCurrentRetrieve,Current_DC,TransmitType__BT_1_PRBS9_._PowerLevel__10_._chanMask__1,,0.3039878,,,mA,Passed,Passed,0,,,,,,Current_DC
MOSELLE_1P0_SI_4CHANNEL_BT_POWER,measureCurrentRetrieve,Current_DC,TransmitType__BT_1_PRBS9_._PowerLevel__10_._chanMask__2,,-0.06027043,,,mA,Passed,Passed,0,,,,,,Current_DC
MOSELLE_1P0_SI_4CHANNEL_BT_POWER,measureCurrentRetrieve,Current_DC,TransmitType__BT_1_PRBS9_._PowerLevel__10_._chanMask__4,,29.59562,,,mA,Passed,Passed,0,,,,,,Current_DC
MOSELLE_1P0_SI_4CHANNEL_BT_POWER,measureCurrentRetrieve,Current_DC,TransmitType__BT_1_PRBS9_._PowerLevel__10_._chanMask__8,,7.482265,,,mA,Passed,Passed,0,,,,,,Current_DC
MOSELLE_1P0_SI_4CHANNEL_BT_POWER,BTDUT_PROD_TEST_SUBCOMMAND_TEST_TXContinuous,errorMessage,TransmitType__BT_1_PRBS9_._PowerLevel__9,,,,,,Passed,Passed,0,,,,,,errorMessage
MOSELLE_1P0_SI_4CHANNEL_BT_POWER,measureCurrentRetrieve,Current_DC,TransmitType__BT_1_PRBS9_._PowerLevel__9_._chanMask__1,,0.3041564,,,mA,Passed,Passed,0,,,,,,Current_DC
MOSELLE_1P0_SI_4CHANNEL_BT_POWER,measureCurrentRetrieve,Current_DC,TransmitType__BT_1_PRBS9_._PowerLevel__9_._chanMask__2,,-0.06692696,,,mA,Passed,Passed,0,,,,,,Current_DC
MOSELLE_1P0_SI_4CHANNEL_BT_POWER,measureCurrentRetrieve,Current_DC,TransmitType__BT_1_PRBS9_._PowerLevel__9_._chanMask__4,,29.49743,,,mA,Passed,Passed,0,,,,,,Current_DC
MOSELLE_1P0_SI_4CHANNEL_BT_POWER,measureCurrentRetrieve,Current_DC,TransmitType__BT_1_PRBS9_._PowerLevel__9_._chanMask__8,,6.899573,,,mA,Passed,Passed,0,,,,,,Current_DC
MOSELLE_1P0_SI_4CHANNEL_BT_POWER,BTDUT_PROD_TEST_SUBCOMMAND_TEST_TXContinuous,errorMessage,TransmitType__BT_2_PRBS9_._PowerLevel__11,,,,,,Passed,Passed,0,,,,,,errorMessage
MOSELLE_1P0_SI_4CHANNEL_BT_POWER,measureCurrentRetrieve,Current_DC,TransmitType__BT_2_PRBS9_._PowerLevel__11_._chanMask__1,,0.304073,,,mA,Passed,Passed,0,,,,,,Current_DC
MOSELLE_1P0_SI_4CHANNEL_BT_POWER,measureCurrentRetrieve,Current_DC,TransmitType__BT_2_PRBS9_._PowerLevel__11_._chanMask__2,,-0.06359797,,,mA,Passed,Passed,0,,,,,,Current_DC
MOSELLE_1P0_SI_4CHANNEL_BT_POWER,measureCurrentRetrieve,Current_DC,TransmitType__BT_2_PRBS9_._PowerLevel__11_._chanMask__4,,37.09877,,,mA,Passed,Passed,0,,,,,,Current_DC
MOSELLE_1P0_SI_4CHANNEL_BT_POWER,measureCurrentRetrieve,Current_DC,TransmitType__BT_2_PRBS9_._PowerLevel__11_._chanMask__8,,5.490555,,,mA,Passed,Passed,0,,,,,,Current_DC
MOSELLE_1P0_SI_4CHANNEL_BT_POWER,BTDUT_PROD_TEST_SUBCOMMAND_TEST_TXContinuous,errorMessage,TransmitType__BT_2_PRBS9_._PowerLevel__10,,,,,,Passed,Passed,0,,,,,,errorMessage
MOSELLE_1P0_SI_4CHANNEL_BT_POWER,measureCurrentRetrieve,Current_DC,TransmitType__BT_2_PRBS9_._PowerLevel__10_._chanMask__1,,0.3041504,,,mA,Passed,Passed,0,,,,,,Current_DC
MOSELLE_1P0_SI_4CHANNEL_BT_POWER,measureCurrentRetrieve,Current_DC,TransmitType__BT_2_PRBS9_._PowerLevel__10_._chanMask__2,,-0.06352094,,,mA,Passed,Passed,0,,,,,,Current_DC
MOSELLE_1P0_SI_4CHANNEL_BT_POWER,measureCurrentRetrieve,Current_DC,TransmitType__BT_2_PRBS9_._PowerLevel__10_._chanMask__4,,29.6211,,,mA,Passed,Passed,0,,,,,,Current_DC
MOSELLE_1P0_SI_4CHANNEL_BT_POWER,measureCurrentRetrieve,Current_DC,TransmitType__BT_2_PRBS9_._PowerLevel__10_._chanMask__8,,7.690362,,,mA,Passed,Passed,0,,,,,,Current_DC
MOSELLE_1P0_SI_4CHANNEL_BT_POWER,BTDUT_PROD_TEST_SUBCOMMAND_TEST_TXContinuous,errorMessage,TransmitType__BT_2_PRBS9_._PowerLevel__9,,,,,,Passed,Passed,0,,,,,,errorMessage
MOSELLE_1P0_SI_4CHANNEL_BT_POWER,measureCurrentRetrieve,Current_DC,TransmitType__BT_2_PRBS9_._PowerLevel__9_._chanMask__1,,0.3042785,,,mA,Passed,Passed,0,,,,,,Current_DC
MOSELLE_1P0_SI_4CHANNEL_BT_POWER,measureCurrentRetrieve,Current_DC,TransmitType__BT_2_PRBS9_._PowerLevel__9_._chanMask__2,,-0.06181536,,,mA,Passed,Passed,0,,,,,,Current_DC
MOSELLE_1P0_SI_4CHANNEL_BT_POWER,measureCurrentRetrieve,Current_DC,TransmitType__BT_2_PRBS9_._PowerLevel__9_._chanMask__4,,29.5037,,,mA,Passed,Passed,0,,,,,,Current_DC
MOSELLE_1P0_SI_4CHANNEL_BT_POWER,measureCurrentRetrieve,Current_DC,TransmitType__BT_2_PRBS9_._PowerLevel__9_._chanMask__8,,7.03333,,,mA,Passed,Passed,0,,,,,,Current_DC
MOSELLE_1P0_SI_4CHANNEL_BT_POWER,BTDUT_PROD_TEST_SUBCOMMAND_TEST_TXContinuous,errorMessage,TransmitType__BT_3_PRBS9_._PowerLevel__11,,,,,,Passed,Passed,0,,,,,,errorMessage
MOSELLE_1P0_SI_4CHANNEL_BT_POWER,measureCurrentRetrieve,Current_DC,TransmitType__BT_3_PRBS9_._PowerLevel__11_._chanMask__1,,0.3042702,,,mA,Passed,Passed,0,,,,,,Current_DC
MOSELLE_1P0_SI_4CHANNEL_BT_POWER,measureCurrentRetrieve,Current_DC,TransmitType__BT_3_PRBS9_._PowerLevel__11_._chanMask__2,,-0.06683945,,,mA,Passed,Passed,0,,,,,,Current_DC
MOSELLE_1P0_SI_4CHANNEL_BT_POWER,measureCurrentRetrieve,Current_DC,TransmitType__BT_3_PRBS9_._PowerLevel__11_._chanMask__4,,37.11274,,,mA,Passed,Passed,0,,,,,,Current_DC
MOSELLE_1P0_SI_4CHANNEL_BT_POWER,measureCurrentRetrieve,Current_DC,TransmitType__BT_3_PRBS9_._PowerLevel__11_._chanMask__8,,5.555987,,,mA,Passed,Passed,0,,,,,,Current_DC
MOSELLE_1P0_SI_4CHANNEL_BT_POWER,BTDUT_PROD_TEST_SUBCOMMAND_TEST_TXContinuous,errorMessage,TransmitType__BT_3_PRBS9_._PowerLevel__10,,,,,,Passed,Passed,0,,,,,,errorMessage
MOSELLE_1P0_SI_4CHANNEL_BT_POWER,measureCurrentRetrieve,Current_DC,TransmitType__BT_3_PRBS9_._PowerLevel__10_._chanMask__1,,0.3043707,,,mA,Passed,Passed,0,,,,,,Current_DC
MOSELLE_1P0_SI_4CHANNEL_BT_POWER,measureCurrentRetrieve,Current_DC,TransmitType__BT_3_PRBS9_._PowerLevel__10_._chanMask__2,,-0.06827999,,,mA,Passed,Passed,0,,,,,,Current_DC
MOSELLE_1P0_SI_4CHANNEL_BT_POWER,measureCurrentRetrieve,Current_DC,TransmitType__BT_3_PRBS9_._PowerLevel__10_._chanMask__4,,29.62441,,,mA,Passed,Passed,0,,,,,,Current_DC
MOSELLE_1P0_SI_4CHANNEL_BT_POWER,measureCurrentRetrieve,Current_DC,TransmitType__BT_3_PRBS9_._PowerLevel__10_._chanMask__8,,7.770864,,,mA,Passed,Passed,0,,,,,,Current_DC
MOSELLE_1P0_SI_4CHANNEL_BT_POWER,BTDUT_PROD_TEST_SUBCOMMAND_TEST_TXContinuous,errorMessage,TransmitType__BT_3_PRBS9_._PowerLevel__9,,,,,,Passed,Passed,0,,,,,,errorMessage
MOSELLE_1P0_SI_4CHANNEL_BT_POWER,measureCurrentRetrieve,Current_DC,TransmitType__BT_3_PRBS9_._PowerLevel__9_._chanMask__1,,0.3044172,,,mA,Passed,Passed,0,,,,,,Current_DC
MOSELLE_1P0_SI_4CHANNEL_BT_POWER,measureCurrentRetrieve,Current_DC,TransmitType__BT_3_PRBS9_._PowerLevel__9_._chanMask__2,,-0.06493111,,,mA,Passed,Passed,0,,,,,,Current_DC
MOSELLE_1P0_SI_4CHANNEL_BT_POWER,measureCurrentRetrieve,Current_DC,TransmitType__BT_3_PRBS9_._PowerLevel__9_._chanMask__4,,29.51556,,,mA,Passed,Passed,0,,,,,,Current_DC
MOSELLE_1P0_SI_4CHANNEL_BT_POWER,measureCurrentRetrieve,Current_DC,TransmitType__BT_3_PRBS9_._PowerLevel__9_._chanMask__8,,7.099167,,,mA,Passed,Passed,0,,,,,,Current_DC
MOSELLE_1P0_SI_4CHANNEL_BT_POWER,BTDUT_PROD_TEST_SUBCOMMAND_RX_CONTINUOUS,errorMessage,TechnologyType__BR_EDR_._SWGain__0,,,,,,Passed,Passed,0,,,,,,errorMessage
MOSELLE_1P0_SI_4CHANNEL_BT_POWER,measureCurrentRetrieve,Current_DC,TechnologyType__BR_EDR_._SWGain__0_._chanMask__1,,0.3043754,,,mA,Passed,Passed,0,,,,,,Current_DC
MOSELLE_1P0_SI_4CHANNEL_BT_POWER,measureCurrentRetrieve,Current_DC,TechnologyType__BR_EDR_._SWGain__0_._chanMask__2,,-0.06352957,,,mA,Passed,Passed,0,,,,,,Current_DC
MOSELLE_1P0_SI_4CHANNEL_BT_POWER,measureCurrentRetrieve,Current_DC,TechnologyType__BR_EDR_._SWGain__0_._chanMask__4,,23.10719,,,mA,Passed,Passed,0,,,,,,Current_DC
MOSELLE_1P0_SI_4CHANNEL_BT_POWER,measureCurrentRetrieve,Current_DC,TechnologyType__BR_EDR_._SWGain__0_._chanMask__8,,6.87587,,,mA,Passed,Passed,0,,,,,,Current_DC
MOSELLE_1P0_SI_4CHANNEL_BT_POWER,BTDUT_PROD_TEST_SUBCOMMAND_RX_CONTINUOUS,errorMessage,TechnologyType__BR_EDR_._SWGain__1,,,,,,Passed,Passed,0,,,,,,errorMessage
MOSELLE_1P0_SI_4CHANNEL_BT_POWER,measureCurrentRetrieve,Current_DC,TechnologyType__BR_EDR_._SWGain__1_._chanMask__1,,0.3041736,,,mA,Passed,Passed,0,,,,,,Current_DC
MOSELLE_1P0_SI_4CHANNEL_BT_POWER,measureCurrentRetrieve,Current_DC,TechnologyType__BR_EDR_._SWGain__1_._chanMask__2,,-0.06748381,,,mA,Passed,Passed,0,,,,,,Current_DC
MOSELLE_1P0_SI_4CHANNEL_BT_POWER,measureCurrentRetrieve,Current_DC,TechnologyType__BR_EDR_._SWGain__1_._chanMask__4,,23.07751,,,mA,Passed,Passed,0,,,,,,Current_DC
MOSELLE_1P0_SI_4CHANNEL_BT_POWER,measureCurrentRetrieve,Current_DC,TechnologyType__BR_EDR_._SWGain__1_._chanMask__8,,6.621359,,,mA,Passed,Passed,0,,,,,,Current_DC
MOSELLE_1P0_SI_4CHANNEL_BT_POWER,BTDUT_PROD_TEST_SUBCOMMAND_RX_CONTINUOUS,errorMessage,TechnologyType__BR_EDR_._SWGain__2,,,,,,Passed,Passed,0,,,,,,errorMessage
MOSELLE_1P0_SI_4CHANNEL_BT_POWER,measureCurrentRetrieve,Current_DC,TechnologyType__BR_EDR_._SWGain__2_._chanMask__1,,0.3041834,,,mA,Passed,Passed,0,,,,,,Current_DC
MOSELLE_1P0_SI_4CHANNEL_BT_POWER,measureCurrentRetrieve,Current_DC,TechnologyType__BR_EDR_._SWGain__2_._chanMask__2,,-0.06595169,,,mA,Passed,Passed,0,,,,,,Current_DC
MOSELLE_1P0_SI_4CHANNEL_BT_POWER,measureCurrentRetrieve,Current_DC,TechnologyType__BR_EDR_._SWGain__2_._chanMask__4,,23.05267,,,mA,Passed,Passed,0,,,,,,Current_DC
MOSELLE_1P0_SI_4CHANNEL_BT_POWER,measureCurrentRetrieve,Current_DC,TechnologyType__BR_EDR_._SWGain__2_._chanMask__8,,6.571826,,,mA,Passed,Passed,0,,,,,,Current_DC
MOSELLE_1P0_SI_4CHANNEL_BT_POWER,BTDUT_PROD_TEST_SUBCOMMAND_RX_CONTINUOUS,errorMessage,TechnologyType__BR_EDR_._SWGain__3,,,,,,Passed,Passed,0,,,,,,errorMessage
MOSELLE_1P0_SI_4CHANNEL_BT_POWER,measureCurrentRetrieve,Current_DC,TechnologyType__BR_EDR_._SWGain__3_._chanMask__1,,0.3039992,,,mA,Passed,Passed,0,,,,,,Current_DC
MOSELLE_1P0_SI_4CHANNEL_BT_POWER,measureCurrentRetrieve,Current_DC,TechnologyType__BR_EDR_._SWGain__3_._chanMask__2,,-0.06562039,,,mA,Passed,Passed,0,,,,,,Current_DC
MOSELLE_1P0_SI_4CHANNEL_BT_POWER,measureCurrentRetrieve,Current_DC,TechnologyType__BR_EDR_._SWGain__3_._chanMask__4,,23.05179,,,mA,Passed,Passed,0,,,,,,Current_DC
MOSELLE_1P0_SI_4CHANNEL_BT_POWER,measureCurrentRetrieve,Current_DC,TechnologyType__BR_EDR_._SWGain__3_._chanMask__8,,6.487758,,,mA,Passed,Passed,0,,,,,,Current_DC
MOSELLE_1P0_SI_4CHANNEL_BT_POWER,BTDUT_PROD_TEST_SUBCOMMAND_RX_CONTINUOUS,errorMessage,TechnologyType__BLE_._SWGain__0,,,,,,Passed,Passed,0,,,,,,errorMessage
MOSELLE_1P0_SI_4CHANNEL_BT_POWER,measureCurrentRetrieve,Current_DC,TechnologyType__BLE_._SWGain__0_._chanMask__1,,0.3039806,,,mA,Passed,Passed,0,,,,,,Current_DC
MOSELLE_1P0_SI_4CHANNEL_BT_POWER,measureCurrentRetrieve,Current_DC,TechnologyType__BLE_._SWGain__0_._chanMask__2,,-0.06492287,,,mA,Passed,Passed,0,,,,,,Current_DC
MOSELLE_1P0_SI_4CHANNEL_BT_POWER,measureCurrentRetrieve,Current_DC,TechnologyType__BLE_._SWGain__0_._chanMask__4,,23.04054,,,mA,Passed,Passed,0,,,,,,Current_DC
MOSELLE_1P0_SI_4CHANNEL_BT_POWER,measureCurrentRetrieve,Current_DC,TechnologyType__BLE_._SWGain__0_._chanMask__8,,6.533552,,,mA,Passed,Passed,0,,,,,,Current_DC
MOSELLE_1P0_SI_4CHANNEL_BT_POWER,BTDUT_PROD_TEST_SUBCOMMAND_RX_CONTINUOUS,errorMessage,TechnologyType__BLE_._SWGain__1,,,,,,Passed,Passed,0,,,,,,errorMessage
MOSELLE_1P0_SI_4CHANNEL_BT_POWER,measureCurrentRetrieve,Current_DC,TechnologyType__BLE_._SWGain__1_._chanMask__1,,0.3040272,,,mA,Passed,Passed,0,,,,,,Current_DC
MOSELLE_1P0_SI_4CHANNEL_BT_POWER,measureCurrentRetrieve,Current_DC,TechnologyType__BLE_._SWGain__1_._chanMask__2,,-0.06439172,,,mA,Passed,Passed,0,,,,,,Current_DC
MOSELLE_1P0_SI_4CHANNEL_BT_POWER,measureCurrentRetrieve,Current_DC,TechnologyType__BLE_._SWGain__1_._chanMask__4,,23.04547,,,mA,Passed,Passed,0,,,,,,Current_DC
MOSELLE_1P0_SI_4CHANNEL_BT_POWER,measureCurrentRetrieve,Current_DC,TechnologyType__BLE_._SWGain__1_._chanMask__8,,6.480898,,,mA,Passed,Passed,0,,,,,,Current_DC
MOSELLE_1P0_SI_4CHANNEL_BT_POWER,BTDUT_PROD_TEST_SUBCOMMAND_RX_CONTINUOUS,errorMessage,TechnologyType__BLE_._SWGain__2,,,,,,Passed,Passed,0,,,,,,errorMessage
MOSELLE_1P0_SI_4CHANNEL_BT_POWER,measureCurrentRetrieve,Current_DC,TechnologyType__BLE_._SWGain__2_._chanMask__1,,0.3039146,,,mA,Passed,Passed,0,,,,,,Current_DC
MOSELLE_1P0_SI_4CHANNEL_BT_POWER,measureCurrentRetrieve,Current_DC,TechnologyType__BLE_._SWGain__2_._chanMask__2,,-0.06593015,,,mA,Passed,Passed,0,,,,,,Current_DC
MOSELLE_1P0_SI_4CHANNEL_BT_POWER,measureCurrentRetrieve,Current_DC,TechnologyType__BLE_._SWGain__2_._chanMask__4,,23.03883,,,mA,Passed,Passed,0,,,,,,Current_DC
MOSELLE_1P0_SI_4CHANNEL_BT_POWER,measureCurrentRetrieve,Current_DC,TechnologyType__BLE_._SWGain__2_._chanMask__8,,6.48758,,,mA,Passed,Passed,0,,,,,,Current_DC
MOSELLE_1P0_SI_4CHANNEL_BT_POWER,BTDUT_PROD_TEST_SUBCOMMAND_RX_CONTINUOUS,errorMessage,TechnologyType__BLE_._SWGain__3,,,,,,Passed,Passed,0,,,,,,errorMessage
MOSELLE_1P0_SI_4CHANNEL_BT_POWER,measureCurrentRetrieve,Current_DC,TechnologyType__BLE_._SWGain__3_._chanMask__1,,0.3038311,,,mA,Passed,Passed,0,,,,,,Current_DC
MOSELLE_1P0_SI_4CHANNEL_BT_POWER,measureCurrentRetrieve,Current_DC,TechnologyType__BLE_._SWGain__3_._chanMask__2,,-0.06641056,,,mA,Passed,Passed,0,,,,,,Current_DC
MOSELLE_1P0_SI_4CHANNEL_BT_POWER,measureCurrentRetrieve,Current_DC,TechnologyType__BLE_._SWGain__3_._chanMask__4,,23.04459,,,mA,Passed,Passed,0,,,,,,Current_DC
MOSELLE_1P0_SI_4CHANNEL_BT_POWER,measureCurrentRetrieve,Current_DC,TechnologyType__BLE_._SWGain__3_._chanMask__8,,6.434831,,,mA,Passed,Passed,0,,,,,,Current_DC
MOSELLE_1P0_SI_4CHANNEL_BT_POWER,BTDUT_PROD_TEST_SUBCOMMAND_TEST_TX_BURST,errorMessage,PacketType__BT_DH5_._PowerLevel__11_._PacketType__15,,,,,,Passed,Passed,0,,,,,,errorMessage
MOSELLE_1P0_SI_4CHANNEL_BT_POWER,measureCurrentRetrieve,Current_DC,PacketType__BT_DH5_._PowerLevel__11_._chanMask__1,,0.3039138,,,mA,Passed,Passed,0,,,,,,Current_DC
MOSELLE_1P0_SI_4CHANNEL_BT_POWER,measureCurrentRetrieve,Current_DC,PacketType__BT_DH5_._PowerLevel__11_._chanMask__2,,-0.06805473,,,mA,Passed,Passed,0,,,,,,Current_DC
MOSELLE_1P0_SI_4CHANNEL_BT_POWER,measureCurrentRetrieve,Current_DC,PacketType__BT_DH5_._PowerLevel__11_._chanMask__4,,31.86967,,,mA,Passed,Passed,0,,,,,,Current_DC
MOSELLE_1P0_SI_4CHANNEL_BT_POWER,measureCurrentRetrieve,Current_DC,PacketType__BT_DH5_._PowerLevel__11_._chanMask__8,,5.241281,,,mA,Passed,Passed,0,,,,,,Current_DC
MOSELLE_1P0_SI_4CHANNEL_BT_POWER,BTDUT_PROD_TEST_SUBCOMMAND_TEST_TX_BURST,errorMessage,PacketType__BT_DH5_._PowerLevel__10_._PacketType__15,,,,,,Passed,Passed,0,,,,,,errorMessage
MOSELLE_1P0_SI_4CHANNEL_BT_POWER,measureCurrentRetrieve,Current_DC,PacketType__BT_DH5_._PowerLevel__10_._chanMask__1,,0.304009,,,mA,Passed,Passed,0,,,,,,Current_DC
MOSELLE_1P0_SI_4CHANNEL_BT_POWER,measureCurrentRetrieve,Current_DC,PacketType__BT_DH5_._PowerLevel__10_._chanMask__2,,-0.06308467,,,mA,Passed,Passed,0,,,,,,Current_DC
MOSELLE_1P0_SI_4CHANNEL_BT_POWER,measureCurrentRetrieve,Current_DC,PacketType__BT_DH5_._PowerLevel__10_._chanMask__4,,25.73499,,,mA,Passed,Passed,0,,,,,,Current_DC
MOSELLE_1P0_SI_4CHANNEL_BT_POWER,measureCurrentRetrieve,Current_DC,PacketType__BT_DH5_._PowerLevel__10_._chanMask__8,,6.974461,,,mA,Passed,Passed,0,,,,,,Current_DC
MOSELLE_1P0_SI_4CHANNEL_BT_POWER,BTDUT_PROD_TEST_SUBCOMMAND_TEST_TX_BURST,errorMessage,PacketType__BT_DH5_._PowerLevel__9_._PacketType__15,,,,,,Passed,Passed,0,,,,,,errorMessage
MOSELLE_1P0_SI_4CHANNEL_BT_POWER,measureCurrentRetrieve,Current_DC,PacketType__BT_DH5_._PowerLevel__9_._chanMask__1,,0.304184,,,mA,Passed,Passed,0,,,,,,Current_DC
MOSELLE_1P0_SI_4CHANNEL_BT_POWER,measureCurrentRetrieve,Current_DC,PacketType__BT_DH5_._PowerLevel__9_._chanMask__2,,-0.06559488,,,mA,Passed,Passed,0,,,,,,Current_DC
MOSELLE_1P0_SI_4CHANNEL_BT_POWER,measureCurrentRetrieve,Current_DC,PacketType__BT_DH5_._PowerLevel__9_._chanMask__4,,25.65375,,,mA,Passed,Passed,0,,,,,,Current_DC
MOSELLE_1P0_SI_4CHANNEL_BT_POWER,measureCurrentRetrieve,Current_DC,PacketType__BT_DH5_._PowerLevel__9_._chanMask__8,,6.513583,,,mA,Passed,Passed,0,,,,,,Current_DC
MOSELLE_1P0_SI_4CHANNEL_BT_POWER,BTDUT_PROD_TEST_SUBCOMMAND_TEST_TX_BURST,errorMessage,PacketType__BT_2_DH5_._PowerLevel__11_._PacketType__46,,,,,,Passed,Passed,0,,,,,,errorMessage
MOSELLE_1P0_SI_4CHANNEL_BT_POWER,measureCurrentRetrieve,Current_DC,PacketType__BT_2_DH5_._PowerLevel__11_._chanMask__1,,0.3040939,,,mA,Passed,Passed,0,,,,,,Current_DC
MOSELLE_1P0_SI_4CHANNEL_BT_POWER,measureCurrentRetrieve,Current_DC,PacketType__BT_2_DH5_._PowerLevel__11_._chanMask__2,,-0.06425659,,,mA,Passed,Passed,0,,,,,,Current_DC
MOSELLE_1P0_SI_4CHANNEL_BT_POWER,measureCurrentRetrieve,Current_DC,PacketType__BT_2_DH5_._PowerLevel__11_._chanMask__4,,31.56305,,,mA,Passed,Passed,0,,,,,,Current_DC
MOSELLE_1P0_SI_4CHANNEL_BT_POWER,measureCurrentRetrieve,Current_DC,PacketType__BT_2_DH5_._PowerLevel__11_._chanMask__8,,5.491688,,,mA,Passed,Passed,0,,,,,,Current_DC
MOSELLE_1P0_SI_4CHANNEL_BT_POWER,BTDUT_PROD_TEST_SUBCOMMAND_TEST_TX_BURST,errorMessage,PacketType__BT_2_DH5_._PowerLevel__10_._PacketType__46,,,,,,Passed,Passed,0,,,,,,errorMessage
MOSELLE_1P0_SI_4CHANNEL_BT_POWER,measureCurrentRetrieve,Current_DC,PacketType__BT_2_DH5_._PowerLevel__10_._chanMask__1,,0.30413,,,mA,Passed,Passed,0,,,,,,Current_DC
MOSELLE_1P0_SI_4CHANNEL_BT_POWER,measureCurrentRetrieve,Current_DC,PacketType__BT_2_DH5_._PowerLevel__10_._chanMask__2,,-0.06417539,,,mA,Passed,Passed,0,,,,,,Current_DC
MOSELLE_1P0_SI_4CHANNEL_BT_POWER,measureCurrentRetrieve,Current_DC,PacketType__BT_2_DH5_._PowerLevel__10_._chanMask__4,,25.75614,,,mA,Passed,Passed,0,,,,,,Current_DC
MOSELLE_1P0_SI_4CHANNEL_BT_POWER,measureCurrentRetrieve,Current_DC,PacketType__BT_2_DH5_._PowerLevel__10_._chanMask__8,,7.081003,,,mA,Passed,Passed,0,,,,,,Current_DC
MOSELLE_1P0_SI_4CHANNEL_BT_POWER,BTDUT_PROD_TEST_SUBCOMMAND_TEST_TX_BURST,errorMessage,PacketType__BT_2_DH5_._PowerLevel__9_._PacketType__46,,,,,,Passed,Passed,0,,,,,,errorMessage
MOSELLE_1P0_SI_4CHANNEL_BT_POWER,measureCurrentRetrieve,Current_DC,PacketType__BT_2_DH5_._PowerLevel__9_._chanMask__1,,0.3043174,,,mA,Passed,Passed,0,,,,,,Current_DC
MOSELLE_1P0_SI_4CHANNEL_BT_POWER,measureCurrentRetrieve,Current_DC,PacketType__BT_2_DH5_._PowerLevel__9_._chanMask__2,,-0.06514755,,,mA,Passed,Passed,0,,,,,,Current_DC
MOSELLE_1P0_SI_4CHANNEL_BT_POWER,measureCurrentRetrieve,Current_DC,PacketType__BT_2_DH5_._PowerLevel__9_._chanMask__4,,25.67846,,,mA,Passed,Passed,0,,,,,,Current_DC
MOSELLE_1P0_SI_4CHANNEL_BT_POWER,measureCurrentRetrieve,Current_DC,PacketType__BT_2_DH5_._PowerLevel__9_._chanMask__8,,6.593451,,,mA,Passed,Passed,0,,,,,,Current_DC
MOSELLE_1P0_SI_4CHANNEL_BT_POWER,BTDUT_PROD_TEST_SUBCOMMAND_TEST_TX_BURST,errorMessage,PacketType__BT_3_DH5_._PowerLevel__11_._PacketType__47,,,,,,Passed,Passed,0,,,,,,errorMessage
MOSELLE_1P0_SI_4CHANNEL_BT_POWER,measureCurrentRetrieve,Current_DC,PacketType__BT_3_DH5_._PowerLevel__11_._chanMask__1,,0.3042596,,,mA,Passed,Passed,0,,,,,,Current_DC
MOSELLE_1P0_SI_4CHANNEL_BT_POWER,measureCurrentRetrieve,Current_DC,PacketType__BT_3_DH5_._PowerLevel__11_._chanMask__2,,-0.06137948,,,mA,Passed,Passed,0,,,,,,Current_DC
MOSELLE_1P0_SI_4CHANNEL_BT_POWER,measureCurrentRetrieve,Current_DC,PacketType__BT_3_DH5_._PowerLevel__11_._chanMask__4,,31.58643,,,mA,Passed,Passed,0,,,,,,Current_DC
MOSELLE_1P0_SI_4CHANNEL_BT_POWER,measureCurrentRetrieve,Current_DC,PacketType__BT_3_DH5_._PowerLevel__11_._chanMask__8,,5.535915,,,mA,Passed,Passed,0,,,,,,Current_DC
MOSELLE_1P0_SI_4CHANNEL_BT_POWER,BTDUT_PROD_TEST_SUBCOMMAND_TEST_TX_BURST,errorMessage,PacketType__BT_3_DH5_._PowerLevel__10_._PacketType__47,,,,,,Passed,Passed,0,,,,,,errorMessage
MOSELLE_1P0_SI_4CHANNEL_BT_POWER,measureCurrentRetrieve,Current_DC,PacketType__BT_3_DH5_._PowerLevel__10_._chanMask__1,,0.304278,,,mA,Passed,Passed,0,,,,,,Current_DC
MOSELLE_1P0_SI_4CHANNEL_BT_POWER,measureCurrentRetrieve,Current_DC,PacketType__BT_3_DH5_._PowerLevel__10_._chanMask__2,,-0.05991856,,,mA,Passed,Passed,0,,,,,,Current_DC
MOSELLE_1P0_SI_4CHANNEL_BT_POWER,measureCurrentRetrieve,Current_DC,PacketType__BT_3_DH5_._PowerLevel__10_._chanMask__4,,25.77032,,,mA,Passed,Passed,0,,,,,,Current_DC
MOSELLE_1P0_SI_4CHANNEL_BT_POWER,measureCurrentRetrieve,Current_DC,PacketType__BT_3_DH5_._PowerLevel__10_._chanMask__8,,7.113646,,,mA,Passed,Passed,0,,,,,,Current_DC
MOSELLE_1P0_SI_4CHANNEL_BT_POWER,BTDUT_PROD_TEST_SUBCOMMAND_TEST_TX_BURST,errorMessage,PacketType__BT_3_DH5_._PowerLevel__9_._PacketType__47,,,,,,Passed,Passed,0,,,,,,errorMessage
MOSELLE_1P0_SI_4CHANNEL_BT_POWER,measureCurrentRetrieve,Current_DC,PacketType__BT_3_DH5_._PowerLevel__9_._chanMask__1,,0.3044387,,,mA,Passed,Passed,0,,,,,,Current_DC
MOSELLE_1P0_SI_4CHANNEL_BT_POWER,measureCurrentRetrieve,Current_DC,PacketType__BT_3_DH5_._PowerLevel__9_._chanMask__2,,-0.06473524,,,mA,Passed,Passed,0,,,,,,Current_DC
MOSELLE_1P0_SI_4CHANNEL_BT_POWER,measureCurrentRetrieve,Current_DC,PacketType__BT_3_DH5_._PowerLevel__9_._chanMask__4,,25.68311,,,mA,Passed,Passed,0,,,,,,Current_DC
MOSELLE_1P0_SI_4CHANNEL_BT_POWER,measureCurrentRetrieve,Current_DC,PacketType__BT_3_DH5_._PowerLevel__9_._chanMask__8,,6.627713,,,mA,Passed,Passed,0,,,,,,Current_DC
MOSELLE_1P0_SI_4CHANNEL_BT_POWER,BTDUT_PROD_TEST_SUBCOMMAND_TEST_RX_BURST,errorMessage,PacketType__BT_DH5_._SWGain__0,,,,,,Passed,Passed,0,,,,,,errorMessage
MOSELLE_1P0_SI_4CHANNEL_BT_POWER,measureCurrentRetrieve,Current_DC,PacketType__BT_DH5_._SWGain__0_._chanMask__1,,0.3043925,,,mA,Passed,Passed,0,,,,,,Current_DC
MOSELLE_1P0_SI_4CHANNEL_BT_POWER,measureCurrentRetrieve,Current_DC,PacketType__BT_DH5_._SWGain__0_._chanMask__2,,-0.06401502,,,mA,Passed,Passed,0,,,,,,Current_DC
MOSELLE_1P0_SI_4CHANNEL_BT_POWER,measureCurrentRetrieve,Current_DC,PacketType__BT_DH5_._SWGain__0_._chanMask__4,,22.83354,,,mA,Passed,Passed,0,,,,,,Current_DC
MOSELLE_1P0_SI_4CHANNEL_BT_POWER,measureCurrentRetrieve,Current_DC,PacketType__BT_DH5_._SWGain__0_._chanMask__8,,7.251684,,,mA,Passed,Passed,0,,,,,,Current_DC
MOSELLE_1P0_SI_4CHANNEL_BT_POWER,BTDUT_PROD_TEST_SUBCOMMAND_TEST_RX_BURST,errorMessage,PacketType__BT_DH5_._SWGain__1,,,,,,Passed,Passed,0,,,,,,errorMessage
MOSELLE_1P0_SI_4CHANNEL_BT_POWER,measureCurrentRetrieve,Current_DC,PacketType__BT_DH5_._SWGain__1_._chanMask__1,,0.3041474,,,mA,Passed,Passed,0,,,,,,Current_DC
MOSELLE_1P0_SI_4CHANNEL_BT_POWER,measureCurrentRetrieve,Current_DC,PacketType__BT_DH5_._SWGain__1_._chanMask__2,,-0.06176792,,,mA,Passed,Passed,0,,,,,,Current_DC
MOSELLE_1P0_SI_4CHANNEL_BT_POWER,measureCurrentRetrieve,Current_DC,PacketType__BT_DH5_._SWGain__1_._chanMask__4,,22.79876,,,mA,Passed,Passed,0,,,,,,Current_DC
MOSELLE_1P0_SI_4CHANNEL_BT_POWER,measureCurrentRetrieve,Current_DC,PacketType__BT_DH5_._SWGain__1_._chanMask__8,,7.084144,,,mA,Passed,Passed,0,,,,,,Current_DC
MOSELLE_1P0_SI_4CHANNEL_BT_POWER,BTDUT_PROD_TEST_SUBCOMMAND_TEST_RX_BURST,errorMessage,PacketType__BT_DH5_._SWGain__2,,,,,,Passed,Passed,0,,,,,,errorMessage
MOSELLE_1P0_SI_4CHANNEL_BT_POWER,measureCurrentRetrieve,Current_DC,PacketType__BT_DH5_._SWGain__2_._chanMask__1,,0.3041534,,,mA,Passed,Passed,0,,,,,,Current_DC
MOSELLE_1P0_SI_4CHANNEL_BT_POWER,measureCurrentRetrieve,Current_DC,PacketType__BT_DH5_._SWGain__2_._chanMask__2,,-0.06386009,,,mA,Passed,Passed,0,,,,,,Current_DC
MOSELLE_1P0_SI_4CHANNEL_BT_POWER,measureCurrentRetrieve,Current_DC,PacketType__BT_DH5_._SWGain__2_._chanMask__4,,22.78274,,,mA,Passed,Passed,0,,,,,,Current_DC
MOSELLE_1P0_SI_4CHANNEL_BT_POWER,measureCurrentRetrieve,Current_DC,PacketType__BT_DH5_._SWGain__2_._chanMask__8,,7.011512,,,mA,Passed,Passed,0,,,,,,Current_DC
MOSELLE_1P0_SI_4CHANNEL_BT_POWER,BTDUT_PROD_TEST_SUBCOMMAND_TEST_RX_BURST,errorMessage,PacketType__BT_DH5_._SWGain__3,,,,,,Passed,Passed,0,,,,,,errorMessage
MOSELLE_1P0_SI_4CHANNEL_BT_POWER,measureCurrentRetrieve,Current_DC,PacketType__BT_DH5_._SWGain__3_._chanMask__1,,0.3040733,,,mA,Passed,Passed,0,,,,,,Current_DC
MOSELLE_1P0_SI_4CHANNEL_BT_POWER,measureCurrentRetrieve,Current_DC,PacketType__BT_DH5_._SWGain__3_._chanMask__2,,-0.06376308,,,mA,Passed,Passed,0,,,,,,Current_DC
MOSELLE_1P0_SI_4CHANNEL_BT_POWER,measureCurrentRetrieve,Current_DC,PacketType__BT_DH5_._SWGain__3_._chanMask__4,,22.77637,,,mA,Passed,Passed,0,,,,,,Current_DC
MOSELLE_1P0_SI_4CHANNEL_BT_POWER,measureCurrentRetrieve,Current_DC,PacketType__BT_DH5_._SWGain__3_._chanMask__8,,6.98454,,,mA,Passed,Passed,0,,,,,,Current_DC
MOSELLE_1P0_SI_4CHANNEL_BT_POWER,BTDUT_PROD_TEST_SUBCOMMAND_TEST_RX_BURST,errorMessage,PacketType__BT_2_DH5_._SWGain__0,,,,,,Passed,Passed,0,,,,,,errorMessage
MOSELLE_1P0_SI_4CHANNEL_BT_POWER,measureCurrentRetrieve,Current_DC,PacketType__BT_2_DH5_._SWGain__0_._chanMask__1,,0.3039155,,,mA,Passed,Passed,0,,,,,,Current_DC
MOSELLE_1P0_SI_4CHANNEL_BT_POWER,measureCurrentRetrieve,Current_DC,PacketType__BT_2_DH5_._SWGain__0_._chanMask__2,,-0.06442286,,,mA,Passed,Passed,0,,,,,,Current_DC
MOSELLE_1P0_SI_4CHANNEL_BT_POWER,measureCurrentRetrieve,Current_DC,PacketType__BT_2_DH5_._SWGain__0_._chanMask__4,,22.77393,,,mA,Passed,Passed,0,,,,,,Current_DC
MOSELLE_1P0_SI_4CHANNEL_BT_POWER,measureCurrentRetrieve,Current_DC,PacketType__BT_2_DH5_._SWGain__0_._chanMask__8,,6.954126,,,mA,Passed,Passed,0,,,,,,Current_DC
MOSELLE_1P0_SI_4CHANNEL_BT_POWER,BTDUT_PROD_TEST_SUBCOMMAND_TEST_RX_BURST,errorMessage,PacketType__BT_2_DH5_._SWGain__1,,,,,,Passed,Passed,0,,,,,,errorMessage
MOSELLE_1P0_SI_4CHANNEL_BT_POWER,measureCurrentRetrieve,Current_DC,PacketType__BT_2_DH5_._SWGain__1_._chanMask__1,,0.3040278,,,mA,Passed,Passed,0,,,,,,Current_DC
MOSELLE_1P0_SI_4CHANNEL_BT_POWER,measureCurrentRetrieve,Current_DC,PacketType__BT_2_DH5_._SWGain__1_._chanMask__2,,-0.06310553,,,mA,Passed,Passed,0,,,,,,Current_DC
MOSELLE_1P0_SI_4CHANNEL_BT_POWER,measureCurrentRetrieve,Current_DC,PacketType__BT_2_DH5_._SWGain__1_._chanMask__4,,22.77215,,,mA,Passed,Passed,0,,,,,,Current_DC
MOSELLE_1P0_SI_4CHANNEL_BT_POWER,measureCurrentRetrieve,Current_DC,PacketType__BT_2_DH5_._SWGain__1_._chanMask__8,,6.94338,,,mA,Passed,Passed,0,,,,,,Current_DC
MOSELLE_1P0_SI_4CHANNEL_BT_POWER,BTDUT_PROD_TEST_SUBCOMMAND_TEST_RX_BURST,errorMessage,PacketType__BT_2_DH5_._SWGain__2,,,,,,Passed,Passed,0,,,,,,errorMessage
MOSELLE_1P0_SI_4CHANNEL_BT_POWER,measureCurrentRetrieve,Current_DC,PacketType__BT_2_DH5_._SWGain__2_._chanMask__1,,0.3038513,,,mA,Passed,Passed,0,,,,,,Current_DC
MOSELLE_1P0_SI_4CHANNEL_BT_POWER,measureCurrentRetrieve,Current_DC,PacketType__BT_2_DH5_._SWGain__2_._chanMask__2,,-0.06355421,,,mA,Passed,Passed,0,,,,,,Current_DC
MOSELLE_1P0_SI_4CHANNEL_BT_POWER,measureCurrentRetrieve,Current_DC,PacketType__BT_2_DH5_._SWGain__2_._chanMask__4,,22.77091,,,mA,Passed,Passed,0,,,,,,Current_DC
MOSELLE_1P0_SI_4CHANNEL_BT_POWER,measureCurrentRetrieve,Current_DC,PacketType__BT_2_DH5_._SWGain__2_._chanMask__8,,6.926855,,,mA,Passed,Passed,0,,,,,,Current_DC
MOSELLE_1P0_SI_4CHANNEL_BT_POWER,BTDUT_PROD_TEST_SUBCOMMAND_TEST_RX_BURST,errorMessage,PacketType__BT_2_DH5_._SWGain__3,,,,,,Passed,Passed,0,,,,,,errorMessage
MOSELLE_1P0_SI_4CHANNEL_BT_POWER,measureCurrentRetrieve,Current_DC,PacketType__BT_2_DH5_._SWGain__3_._chanMask__1,,0.3037809,,,mA,Passed,Passed,0,,,,,,Current_DC
MOSELLE_1P0_SI_4CHANNEL_BT_POWER,measureCurrentRetrieve,Current_DC,PacketType__BT_2_DH5_._SWGain__3_._chanMask__2,,-0.06265588,,,mA,Passed,Passed,0,,,,,,Current_DC
MOSELLE_1P0_SI_4CHANNEL_BT_POWER,measureCurrentRetrieve,Current_DC,PacketType__BT_2_DH5_._SWGain__3_._chanMask__4,,22.77139,,,mA,Passed,Passed,0,,,,,,Current_DC
MOSELLE_1P0_SI_4CHANNEL_BT_POWER,measureCurrentRetrieve,Current_DC,PacketType__BT_2_DH5_._SWGain__3_._chanMask__8,,6.923035,,,mA,Passed,Passed,0,,,,,,Current_DC
MOSELLE_1P0_SI_4CHANNEL_BT_POWER,BTDUT_PROD_TEST_SUBCOMMAND_TEST_RX_BURST,errorMessage,PacketType__BT_3_DH5_._SWGain__0,,,,,,Passed,Passed,0,,,,,,errorMessage
MOSELLE_1P0_SI_4CHANNEL_BT_POWER,measureCurrentRetrieve,Current_DC,PacketType__BT_3_DH5_._SWGain__0_._chanMask__1,,0.3037167,,,mA,Passed,Passed,0,,,,,,Current_DC
MOSELLE_1P0_SI_4CHANNEL_BT_POWER,measureCurrentRetrieve,Current_DC,PacketType__BT_3_DH5_._SWGain__0_._chanMask__2,,-0.0632166,,,mA,Passed,Passed,0,,,,,,Current_DC
MOSELLE_1P0_SI_4CHANNEL_BT_POWER,measureCurrentRetrieve,Current_DC,PacketType__BT_3_DH5_._SWGain__0_._chanMask__4,,22.76542,,,mA,Passed,Passed,0,,,,,,Current_DC
MOSELLE_1P0_SI_4CHANNEL_BT_POWER,measureCurrentRetrieve,Current_DC,PacketType__BT_3_DH5_._SWGain__0_._chanMask__8,,6.916389,,,mA,Passed,Passed,0,,,,,,Current_DC
MOSELLE_1P0_SI_4CHANNEL_BT_POWER,BTDUT_PROD_TEST_SUBCOMMAND_TEST_RX_BURST,errorMessage,PacketType__BT_3_DH5_._SWGain__1,,,,,,Passed,Passed,0,,,,,,errorMessage
MOSELLE_1P0_SI_4CHANNEL_BT_POWER,measureCurrentRetrieve,Current_DC,PacketType__BT_3_DH5_._SWGain__1_._chanMask__1,,0.3037298,,,mA,Passed,Passed,0,,,,,,Current_DC
MOSELLE_1P0_SI_4CHANNEL_BT_POWER,measureCurrentRetrieve,Current_DC,PacketType__BT_3_DH5_._SWGain__1_._chanMask__2,,-0.06274028,,,mA,Passed,Passed,0,,,,,,Current_DC
MOSELLE_1P0_SI_4CHANNEL_BT_POWER,measureCurrentRetrieve,Current_DC,PacketType__BT_3_DH5_._SWGain__1_._chanMask__4,,22.76885,,,mA,Passed,Passed,0,,,,,,Current_DC
MOSELLE_1P0_SI_4CHANNEL_BT_POWER,measureCurrentRetrieve,Current_DC,PacketType__BT_3_DH5_._SWGain__1_._chanMask__8,,6.912121,,,mA,Passed,Passed,0,,,,,,Current_DC
MOSELLE_1P0_SI_4CHANNEL_BT_POWER,BTDUT_PROD_TEST_SUBCOMMAND_TEST_RX_BURST,errorMessage,PacketType__BT_3_DH5_._SWGain__2,,,,,,Passed,Passed,0,,,,,,errorMessage
MOSELLE_1P0_SI_4CHANNEL_BT_POWER,measureCurrentRetrieve,Current_DC,PacketType__BT_3_DH5_._SWGain__2_._chanMask__1,,0.3037048,,,mA,Passed,Passed,0,,,,,,Current_DC
MOSELLE_1P0_SI_4CHANNEL_BT_POWER,measureCurrentRetrieve,Current_DC,PacketType__BT_3_DH5_._SWGain__2_._chanMask__2,,-0.06613582,,,mA,Passed,Passed,0,,,,,,Current_DC
MOSELLE_1P0_SI_4CHANNEL_BT_POWER,measureCurrentRetrieve,Current_DC,PacketType__BT_3_DH5_._SWGain__2_._chanMask__4,,22.77084,,,mA,Passed,Passed,0,,,,,,Current_DC
MOSELLE_1P0_SI_4CHANNEL_BT_POWER,measureCurrentRetrieve,Current_DC,PacketType__BT_3_DH5_._SWGain__2_._chanMask__8,,6.914049,,,mA,Passed,Passed,0,,,,,,Current_DC
MOSELLE_1P0_SI_4CHANNEL_BT_POWER,BTDUT_PROD_TEST_SUBCOMMAND_TEST_RX_BURST,errorMessage,PacketType__BT_3_DH5_._SWGain__3,,,,,,Passed,Passed,0,,,,,,errorMessage
MOSELLE_1P0_SI_4CHANNEL_BT_POWER,measureCurrentRetrieve,Current_DC,PacketType__BT_3_DH5_._SWGain__3_._chanMask__1,,0.3036367,,,mA,Passed,Passed,0,,,,,,Current_DC
MOSELLE_1P0_SI_4CHANNEL_BT_POWER,measureCurrentRetrieve,Current_DC,PacketType__BT_3_DH5_._SWGain__3_._chanMask__2,,-0.06419236,,,mA,Passed,Passed,0,,,,,,Current_DC
MOSELLE_1P0_SI_4CHANNEL_BT_POWER,measureCurrentRetrieve,Current_DC,PacketType__BT_3_DH5_._SWGain__3_._chanMask__4,,22.76732,,,mA,Passed,Passed,0,,,,,,Current_DC
MOSELLE_1P0_SI_4CHANNEL_BT_POWER,measureCurrentRetrieve,Current_DC,PacketType__BT_3_DH5_._SWGain__3_._chanMask__8,,6.918448,,,mA,Passed,Passed,0,,,,,,Current_DC
MOSELLE_1P0_SI_4CHANNEL_BT_POWER,BTDUT_Send_HCI_Command_LE Scan100Duty Cycle,errorMessage,,,,,,,Passed,Passed,0,,,,,,errorMessage
MOSELLE_1P0_SI_4CHANNEL_BT_POWER,BTDUT_Send_HCI_Command_LE Scan EN,errorMessage,,,,,,,Passed,Passed,0,,,,,,errorMessage
MOSELLE_1P0_SI_4CHANNEL_BT_POWER,BTDUT_Send_HCI_Command_BT Scan DIS,errorMessage,,,,,,,Passed,Passed,0,,,,,,errorMessage
MOSELLE_1P0_SI_4CHANNEL_BT_POWER,measureCurrentRetrieve,Current_DC,chanMask__1,,0.3035922,,,mA,Passed,Passed,0,,,,,,Current_DC
MOSELLE_1P0_SI_4CHANNEL_BT_POWER,measureCurrentRetrieve,Current_DC,chanMask__2,,-0.06074608,,,mA,Passed,Passed,0,,,,,,Current_DC
MOSELLE_1P0_SI_4CHANNEL_BT_POWER,measureCurrentRetrieve,Current_DC,chanMask__4,,8.570049,,,mA,Passed,Passed,0,,,,,,Current_DC
MOSELLE_1P0_SI_4CHANNEL_BT_POWER,measureCurrentRetrieve,Current_DC,chanMask__8,,4.845068,,,mA,Passed,Passed,0,,,,,,Current_DC
MOSELLE_1P0_SI_4CHANNEL_BT_POWER,BTDUT_Send_HCI_Command_LE Scan DIS,errorMessage,,,,,,,Passed,Passed,0,,,,,,errorMessage
MOSELLE_1P0_SI_4CHANNEL_BT_POWER,BTDUT_Disconnect,errorMessage,,,,,,,Passed,Passed,0,,,,,,errorMessage
MOSELLE_1P0_SI_4CHANNEL_BT_POWER,SetResourceForIDCPA_2,ErrorMessage,,,,,,,Passed,Passed,0,,,,,,ErrorMessage
MOSELLE_1P0_SI_4CHANNEL_BT_POWER,DisconnectDCPA,ErrorMessage,,,,,,,Passed,Passed,0,,,,,,ErrorMessage
